<?xml version="1.0" encoding="UTF-8"?>
<project-private xmlns="http://www.netbeans.org/ns/project-private/1">
    <editor-bookmarks xmlns="http://www.netbeans.org/ns/editor-bookmarks/2" lastBookmarkId="0"/>
    <open-files xmlns="http://www.netbeans.org/ns/projectui-open-files/2">
        <group>
            <file>file:/C:/Users/MIRALDINO%20PAULO/MPLABXProjects/newavr-main.c</file>
            <file>file:/C:/Users/MIRALDINO%20PAULO/MPLABXProjects/nbproject/Makefile-impl.mk</file>
            <file>file:/C:/Users/MIRALDINO%20PAULO/Desktop/USART/HAL_USART.c</file>
        </group>
    </open-files>
</project-private>
